FirstName,LastName,Name,Title
Aaron,Mitchell,"How Many More Times","Led Zeppelin I"
Aaron,Mitchell,"What Is And What Should Never Be","Led Zeppelin II"
Aaron,Mitchell,"Please Don't Touch","Ace Of Spades"
Aaron,Mitchell,"Já Foi",Demorou...
Aaron,Mitchell,"Wild Side","Motley Crue Greatest Hits"
Aaron,Mitchell,"Primal Scream","Motley Crue Greatest Hits"
Aaron,Mitchell,"Been A Son","From The Muddy Banks Of The Wishkah [Live]"
Aaron,Mitchell,Breed,"From The Muddy Banks Of The Wishkah [Live]"
Aaron,Mitchell,"Territorial Pissings",Nevermind
Aaron,Mitchell,"Folhas Secas",Compositores
Aaron,Mitchell,"Menino De Rua",Compositores
Aaron,Mitchell,Denúncia,Olodum
Aaron,Mitchell,"O Trem Da Juventude","Acústico MTV"
Aaron,Mitchell,Selvagem,"Acústico MTV"
Aaron,Mitchell,"Nebulosa Do Amor","Acústico MTV"
Aaron,Mitchell,"Luis Inacio (300 Picaretas)","Arquivo II"
Aaron,Mitchell,"Um Passeio No Mundo Livre",Afrociberdelia
Aaron,Mitchell,Manguetown,Afrociberdelia
Aaron,Mitchell,"Criança De Domingo",Afrociberdelia
Aaron,Mitchell,"Banditismo Por Uma Questa","Da Lama Ao Caos"
Aaron,Mitchell,"Da Lama Ao Caos","Da Lama Ao Caos"
Aaron,Mitchell,"Computadores Fazem Arte","Da Lama Ao Caos"
Aaron,Mitchell,Extra,"Acústico MTV [Live]"
Aaron,Mitchell,"Onde Você Mora?","Acústico MTV [Live]"
Aaron,Mitchell,"Onde Você Mora?","Cidade Negra - Hits"
Aaron,Mitchell,Sampa,Unplugged
Aaron,Mitchell,Parabolicamará,Unplugged
Aaron,Mitchell,"Crash Course In Brain Surgery","Garage Inc. (Disc 2)"
Aaron,Mitchell,"Am I Evil?","Garage Inc. (Disc 2)"
Aaron,Mitchell,Breadfan,"Garage Inc. (Disc 2)"
Aaron,Mitchell,"Stone Cold Crazy","Garage Inc. (Disc 2)"
Aaron,Mitchell,"Bleed Together",A-Sides
Aaron,Mitchell,"Song For Lorraine","Morning Dance"
Aaron,Mitchell,"Little Linda","Morning Dance"
Aaron,Mitchell,Tightrope,"In Step"
Aaron,Mitchell,"Wall Of Denial","In Step"
Aaron,Mitchell,"Dead And Bloated",Core
Aaron,Mitchell,Álibi,"Djavan Ao Vivo - Vol. 02"
Alexandre,Rocha,"Leper Messiah","Master Of Puppets"
Alexandre,Rocha,"Damage Inc.","Master Of Puppets"
Alexandre,Rocha,"Green Disease","Riot Act"
Alexandre,Rocha,"Why Go",Ten
Alexandre,Rocha,Animal,Vs.
Alexandre,Rocha,Leash,Vs.
Alexandre,Rocha,"Wanted Dread And Alive","Greatest Hits"
Alexandre,Rocha,"The Great Gig In The Sky","Dark Side Of The Moon"
Alexandre,Rocha,Bossa,"Os Cães Ladram Mas A Caravana Não Pára"
Alexandre,Rocha,"Nega Do Cabelo Duro","Os Cães Ladram Mas A Caravana Não Pára"
Alexandre,Rocha,"You're My Best Friend","Greatest Hits I"
Alexandre,Rocha,"Seven Seas Of Rhye","Greatest Hits I"
Alexandre,Rocha,"Get Down, Make Love","News Of The World"
Alexandre,Rocha,"Get Up",Green
Alexandre,Rocha,Untitled,Green
Alexandre,Rocha,"Be Mine","New Adventures In Hi-Fi"
Alexandre,Rocha,Redundant,"International Superhits"
Alexandre,Rocha,"Into The Light","Into The Light"
Alexandre,Rocha,"Cry For Love","Into The Light"
Alexandre,Rocha,"Grito De Alerta","Meus Momentos"
Alexandre,Rocha,"Lindo Lago Do Amor","Meus Momentos"
Alexandre,Rocha,"Ponto De Interrogação","Meus Momentos"
Alexandre,Rocha,"Voce Nao Entende Nada - Cotidiano","Minha Historia"
Alexandre,Rocha,"O Leaozinho","Minha Historia"
Alexandre,Rocha,"Top Top","Minha História"
Alexandre,Rocha,"2 Minutes To Midnight",Powerslave
Alexandre,Rocha,"Losfer Words",Powerslave
Alexandre,Rocha,Bora-Bora,"Acústico MTV"
Alexandre,Rocha,"I Feel Good (I Got You) - Sossego","Acústico MTV"
Alexandre,Rocha,"Sincero Breu","Acústico MTV"
Alexandre,Rocha,Selvagem,"Acústico MTV"
Alexandre,Rocha,"O Descobridor Dos Sete Mares","Serie Sem Limite (Disc 1)"
Alexandre,Rocha,"Não Vou Ficar","Serie Sem Limite (Disc 1)"
Alexandre,Rocha,"Cristina Nº 2","Serie Sem Limite (Disc 1)"
Alexandre,Rocha,"O Que Me Importa","Serie Sem Limite (Disc 2)"
Alexandre,Rocha,"Eu Amo Você","Serie Sem Limite (Disc 2)"
Alexandre,Rocha,"Nosso Adeus","Serie Sem Limite (Disc 2)"
Alexandre,Rocha,"Is This Love (Live)","Quanta Gente Veio Ver (Live)"
Astrid,Gruber,"Soldier Side - Intro",Mezmerize
Astrid,Gruber,Revenga,Mezmerize
Astrid,Gruber,Solitary,"Lost, Season 1"
Astrid,Gruber,"Fire + Water","Lost, Season 2"
Astrid,Gruber,Homecoming,"Lost, Season 1"
Astrid,Gruber,Dave,"Lost, Season 2"
Astrid,Gruber,"Born to Run","Lost, Season 1"
Astrid,Gruber,One,"Achtung Baby"
Astrid,Gruber,"Love Is Blindness","Achtung Baby"
Astrid,Gruber,"When I Look At The World","All That You Can't Leave Behind"
Astrid,Gruber,"Everlasting Love","B-Sides 1980-1990"
Astrid,Gruber,Vertigo,"How To Dismantle An Atomic Bomb"
Astrid,Gruber,"Original Of The Species","How To Dismantle An Atomic Bomb"
Astrid,Gruber,Miami,Pop
Astrid,Gruber,"All Along The Watchtower","Rattle And Hum"
Astrid,Gruber,"God Part II","Rattle And Hum"
Astrid,Gruber,"Shotgun Blues","Use Your Illusion II"
Astrid,Gruber,"You Could Be Mine","Use Your Illusion II"
Astrid,Gruber,"Deep Waters","Blue Moods"
Astrid,Gruber,"Thinking 'Bout Tomorrow","Blue Moods"
Astrid,Gruber,"Brighter Than a Thousand Suns","A Matter of Life and Death"
Astrid,Gruber,"Lord of Light","A Matter of Life and Death"
Astrid,Gruber,Transylvania,"A Real Dead One"
Astrid,Gruber,"2 Minutes To Midnight","A Real Dead One"
Astrid,Gruber,"Wasting Love","A Real Live One"
Astrid,Gruber,"Reggae Odoyá",Olodum
Astrid,Gruber,"Protesto Do Olodum (Ao Vivo)",Olodum
Astrid,Gruber,"Won't Get Fooled Again (Full Length Version)","My Generation - The Very Best Of The Who"
Astrid,Gruber,5.15,"My Generation - The Very Best Of The Who"
Astrid,Gruber,"Squeeze Box","My Generation - The Very Best Of The Who"
Astrid,Gruber,"You Better You Bet","My Generation - The Very Best Of The Who"
Astrid,Gruber,"Peer Gynt Suite No.1, Op.46: 1. Morning Mood","Grieg: Peer Gynt Suites & Sibelius: Pelléas et Mélisande"
Astrid,Gruber,"Symphony No. 41 in C Major, K. 551, "Jupiter": IV. Molto allegro","Mozart: Symphonies Nos. 40 & 41"
Astrid,Gruber,"Just Friends","Back to Black"
Astrid,Gruber,"Wake Up Alone","Back to Black"
Astrid,Gruber,"Rehab (Hot Chip Remix)","Back to Black"
Astrid,Gruber,"I Heard Love Is Blind",Frank
Astrid,Gruber,"Abraham, Martin And John","Seek And Shall Find: More Of The Best (1963-1981)"
Bjørn,Hansen,"Put The Finger On You","For Those About To Rock We Salute You"
Bjørn,Hansen,"Inject The Venom","For Those About To Rock We Salute You"
Bjørn,Hansen,"Evil Walks","For Those About To Rock We Salute You"
Bjørn,Hansen,"Breaking The Rules","For Those About To Rock We Salute You"
Bjørn,Hansen,"Born To Move","Chronicle, Vol. 2"
Bjørn,Hansen,Brasil,"Cássia Eller - Coleção Sem Limite [Disc 2]"
Bjørn,Hansen,"Coroné Antonio Bento","Cássia Eller - Coleção Sem Limite [Disc 2]"
Bjørn,Hansen,"Música Urbana 2","Cássia Eller - Coleção Sem Limite [Disc 2]"
Bjørn,Hansen,"Woman Is The Nigger Of The World (Ao Vivo)","Cássia Eller - Coleção Sem Limite [Disc 2]"
Bjørn,Hansen,"Smells Like Teen Spirit (Ao Vivo)","Cássia Eller - Sem Limite [Disc 1]"
Bjørn,Hansen,Plush,Core
Bjørn,Hansen,"Pride (In The Name Of Love)","Rattle And Hum"
Bjørn,Hansen,"Love Rescue Me","Rattle And Hum"
Bjørn,Hansen,"Um Lugar ao Sol","Radio Brasil (O Som da Jovem Vanguarda) - Seleccao de Henrique Amaro"
Bjørn,Hansen,"Chega no Suingue","Radio Brasil (O Som da Jovem Vanguarda) - Seleccao de Henrique Amaro"
Bjørn,Hansen,"The Economist","LOST, Season 4"
Bjørn,Hansen,"Din Din Wo (Little Child)","Muso Ko"
Bjørn,Hansen,"Something Nice Back Home","LOST, Season 4"
Bjørn,Hansen,"Call Me a Dog","Temple of the Dog"
Bjørn,Hansen,"Safe and Sound","Carry On"
Bjørn,Hansen,"Disappearing Act","Carry On"
Bjørn,Hansen,"Shape of Things to Come",Revelations
Bjørn,Hansen,"Canon and Gigue in D Major: I. Canon","Pachelbel: Canon & Gigue"
Bjørn,Hansen,"Symphony No. 104 in D Major "London": IV. Finale: Spiritoso","Haydn: Symphonies 99 - 104"
Bjørn,Hansen,"Jupiter, the Bringer of Jollity","Holst: The Planets, Op. 32 & Vaughan Williams: Fantasies"
Bjørn,Hansen,"Scheherazade, Op. 35: I. The Sea and Sindbad's Ship",Scheherazade
Bjørn,Hansen,"Two Fanfares for Orchestra: II. Short Ride in a Fast Machine","Adams, John: The Chairman Dances"
Bjørn,Hansen,"You Shook Me","Led Zeppelin I"
Bjørn,Hansen,"How Many More Times","Led Zeppelin I"
Bjørn,Hansen,"Living Loving Maid (She's Just A Woman)","Led Zeppelin II"
Bjørn,Hansen,"Celebration Day","Led Zeppelin III"
Bjørn,Hansen,"Bron-Y-Aur Stomp","Led Zeppelin III"
Bjørn,Hansen,"Night Flight","Physical Graffiti [Disc 2]"
Bjørn,Hansen,"For Your Life",Presence
Bjørn,Hansen,"Rock & Roll","The Song Remains The Same (Disc 1)"
Bjørn,Hansen,"Stairway To Heaven","The Song Remains The Same (Disc 2)"
Bjørn,Hansen,Saturnine,"Judas 0: B-Sides and Rarities"
Bjørn,Hansen,"Rock On","Judas 0: B-Sides and Rarities"
Camille,Bernard,"Prometheus Overture, Op. 43","Beethoven: Symphony No. 6 'Pastoral' Etc."
Camille,Bernard,"Sonata for Solo Violin: IV: Presto","Bartok: Violin & Viola Concertos"
Camille,Bernard,Lodi,"Chronicle, Vol. 1"
Camille,Bernard,Commotion,"Chronicle, Vol. 1"
Camille,Bernard,"Fortunate Son","Chronicle, Vol. 1"
Camille,Bernard,"Who'll Stop The Rain","Chronicle, Vol. 1"
Camille,Bernard,"De Ja Vu","Somewhere in Time"
Camille,Bernard,Gangland,"The Number of The Beast"
Camille,Bernard,"The Number Of The Beast","The Number of The Beast"
Camille,Bernard,"Man On The Edge","The X Factor"
Camille,Bernard,"Judgement Of Heaven","The X Factor"
Camille,Bernard,"The Unbeliever","The X Factor"
Camille,Bernard,"How to Stop an Exploding Man","Heroes, Season 1"
Camille,Bernard,"Under The Sun/Every Day Comes and Goes","Black Sabbath Vol. 4 (Remaster)"
Camille,Bernard,"Body Count's In The House","Body Count"
Camille,Bernard,Slave,"Into The Light"
Camille,Bernard,"Começaria Tudo Outra Vez","Meus Momentos"
Camille,Bernard,"Comportamento Geral","Meus Momentos"
Camille,Bernard,"Menino Do Rio","Minha Historia"
Camille,Bernard,"Ando Meio Desligado","Minha História"
Camille,Bernard,"Rita Lee","Minha História"
Camille,Bernard,"Smoke On The Water","MK III The Final Concerts [Disc 1]"
Camille,Bernard,Beija-Flor,"Sambas De Enredo 2001"
Camille,Bernard,Caprichosos,"Sambas De Enredo 2001"
Camille,Bernard,"Do You Like The Way",Supernatural
Camille,Bernard,Manuel,"The Best of Ed Motta"
Camille,Bernard,"Do You Have Other Loves?","The Best of Ed Motta"
Camille,Bernard,"'Round Midnight","The Essential Miles Davis [Disc 1]"
Camille,Bernard,E.S.P.,"The Essential Miles Davis [Disc 2]"
Camille,Bernard,Hairshirt,Green
Camille,Bernard,Undertow,"New Adventures In Hi-Fi"
Camille,Bernard,"Binky The Doormat","New Adventures In Hi-Fi"
Camille,Bernard,Low,"Out Of Time"
Camille,Bernard,"Country Feedback","Out Of Time"
Camille,Bernard,"Don't Go Back To Rockville","The Best Of R.E.M.: The IRS Years"
Camille,Bernard,"I Believe","The Best Of R.E.M.: The IRS Years"
Camille,Bernard,"A Sua","Cesta Básica"
Camille,Bernard,Bê-a-Bá,"Cesta Básica"
Daan,Peeters,"Dog Eat Dog","Let There Be Rock"
Daan,Peeters,Overdose,"Let There Be Rock"
Daan,Peeters,"Love In An Elevator","Big Ones"
Daan,Peeters,"Janie's Got A Gun","Big Ones"
Daan,Peeters,"Deuces Are Wild","Big Ones"
Daan,Peeters,Angel,"Big Ones"
Daan,Peeters,"Master Of Puppets","Master Of Puppets"
Daan,Peeters,Undertow,"New Adventures In Hi-Fi"
Daan,Peeters,Leave,"New Adventures In Hi-Fi"
Daan,Peeters,"Love Removal Machine","Pure Cult: The Best Of The Cult (For Rockers, Ravers, Lovers & Sinners) [UK]"
Daan,Peeters,"Sweet Soul Sister","Pure Cult: The Best Of The Cult (For Rockers, Ravers, Lovers & Sinners) [UK]"
Daan,Peeters,"I Looked At You","The Doors"
Daan,Peeters,"De Do Do Do, De Da Da Da","The Police Greatest Hits"
Daan,Peeters,"Time Is On My Side","Hot Rocks, 1964-1971 (Disc 1)"
Daan,Peeters,"Under My Thumb","Hot Rocks, 1964-1971 (Disc 1)"
Daan,Peeters,"Saint Of Me","No Security"
Daan,Peeters,"You Got Me Rocking","Voodoo Lounge"
Daan,Peeters,"Suck On The Jugular","Voodoo Lounge"
Daan,Peeters,"Sister Awake",Tangents
Daan,Peeters,"Life Line",Tangents
Daan,Peeters,Babylon,Transmission
Daan,Peeters,"Boris The Spider","My Generation - The Very Best Of The Who"
Daan,Peeters,"Let's See Action","My Generation - The Very Best Of The Who"
Daan,Peeters,Stripsearch,"Album Of The Year"
Daan,Peeters,"She Loves Me Not","Album Of The Year"
Daan,Peeters,Caffeine,"Angel Dust"
Daan,Peeters,Kindergarten,"Angel Dust"
Daan,Peeters,Easy,"Angel Dust"
Daan,Peeters,"Cuckoo For Caca","King For A Day Fool For A Lifetime"
Daan,Peeters,"What A Day","King For A Day Fool For A Lifetime"
Daan,Peeters,"Falling To Pieces","The Real Thing"
Daan,Peeters,"Woodpecker From Mars","The Real Thing"
Daan,Peeters,"Save The Children","Seek And Shall Find: More Of The Best (1963-1981)"
Daan,Peeters,"You Sure Love To Ball","Seek And Shall Find: More Of The Best (1963-1981)"
Daan,Peeters,Rhinocerous,"Rotten Apples: Greatest Hits"
Daan,Peeters,"Cherub Rock","Rotten Apples: Greatest Hits"
Daan,Peeters,Disarm,"Rotten Apples: Greatest Hits"
Daan,Peeters,"Bullet With Butterfly Wings","Rotten Apples: Greatest Hits"
Dan,Miller,"Bem Devagar","Prenda Minha"
Dan,Miller,Saudosismo,"Prenda Minha"
Dan,Miller,"Posso Perder Minha Mulher, Minha Mãe, Desde Que Eu Tenha O Rock And Roll","Minha História"
Dan,Miller,"You Fool No One","MK III The Final Concerts [Disc 1]"
Dan,Miller,Viradouro,"Sambas De Enredo 2001"
Dan,Miller,Tradição,"Sambas De Enredo 2001"
Dan,Miller,"Maria Maria",Supernatural
Dan,Miller,"Entre E Ouça","The Best of Ed Motta"
Dan,Miller,"Agora Que O Dia Acordou","The Best of Ed Motta"
Dan,Miller,"Bye Bye Blackbird","The Essential Miles Davis [Disc 1]"
Dan,Miller,Nefertiti,"The Essential Miles Davis [Disc 2]"
Dan,Miller,"Going Down / Highway Star","The Final Concerts (Disc 2)"
Dan,Miller,"Boogie Blues","Up An' Atom"
Dan,Miller,"Don't Take Your Love From Me","Up An' Atom"
Dan,Miller,"Onde Anda Você","Vinícius De Moraes - Sem Limite"
Dan,Miller,Deixa,"Vinícius De Moraes - Sem Limite"
Dan,Miller,"Puteiro Em João Pessoa","Cesta Básica"
Dan,Miller,"O Dia Em Que A Terra Parou","Raul Seixas"
Dan,Miller,"Todo Mundo Explica","Raul Seixas"
Dan,Miller,"Rock Das Aranhas (Ao Vivo) (Live)","Raul Seixas"
Dan,Miller,"I Could Have Lied","Blood Sugar Sex Magik"
Dan,Miller,"Naked In The Rain","Blood Sugar Sex Magik"
Dan,Miller,"By The Way","By The Way"
Dan,Miller,"Can't Stop","By The Way"
Dan,Miller,"On Mercury","By The Way"
Dan,Miller,"The Convention","The Office, Season 3"
Dan,Miller,"The Coup","The Office, Season 3"
Dan,Miller,"Momentos Que Marcam","Chill: Brazil (Disc 2)"
Dan,Miller,"Bumbo Da Mangueira","Chill: Brazil (Disc 2)"
Dan,Miller,"Santo Antonio","Chill: Brazil (Disc 2)"
Dan,Miller,"Só Tinha De Ser Com Você","Chill: Brazil (Disc 2)"
Dan,Miller,Refazenda,Unplugged
Dan,Miller,"A Paz",Unplugged
Dan,Miller,"Tempo Rei",Unplugged
Dan,Miller,"Toda Menina Baiana",Unplugged
Dan,Miller,Changes,Faceless
Dan,Miller,"I Fucking Hate You",Faceless
Dan,Miller,"Peace On Earth","All That You Can't Leave Behind"
Diego,Gutiérrez,"Love Gun","Greatest Kiss"
Diego,Gutiérrez,Deuce,"Greatest Kiss"
Diego,Gutiérrez,"Wake Me Up When September Ends","American Idiot"
Diego,Gutiérrez,Whatsername,"American Idiot"
Diego,Gutiérrez,"It's So Easy","Appetite for Destruction"
Diego,Gutiérrez,"Out Ta Get Me","Appetite for Destruction"
Diego,Gutiérrez,"Mama Said",Load
Diego,Gutiérrez,Battery,"Master Of Puppets"
Diego,Gutiérrez,"Disposable Heroes","Master Of Puppets"
Diego,Gutiérrez,Fuel,ReLoad
Diego,Gutiérrez,"Better Than You",ReLoad
Diego,Gutiérrez,"Where The Wild Things Are",ReLoad
Diego,Gutiérrez,"Chemical Wedding","Chemical Wedding"
Diego,Gutiérrez,"Opus No.1","Up An' Atom"
Diego,Gutiérrez,"How High The Moon","Up An' Atom"
Diego,Gutiérrez,"Take This Bottle","King For A Day Fool For A Lifetime"
Diego,Gutiérrez,"Surprise! You're Dead!","The Real Thing"
Diego,Gutiérrez,"Falamansa Song","Deixa Entrar"
Diego,Gutiérrez,"Medo De Escuro","Deixa Entrar"
Diego,Gutiérrez,"The Last Song","In Your Honor [Disc 1]"
Diego,Gutiérrez,"Friend Of A Friend","In Your Honor [Disc 2]"
Diego,Gutiérrez,"Times Like These","One By One"
Diego,Gutiérrez,"Monkey Wrench","The Colour And The Shape"
Diego,Gutiérrez,Everlong,"The Colour And The Shape"
Diego,Gutiérrez,"What Now My Love","My Way: The Best Of Frank Sinatra [Disc 1]"
Diego,Gutiérrez,"It Was A Very Good Year","My Way: The Best Of Frank Sinatra [Disc 1]"
Diego,Gutiérrez,"Entrando Na Sua (Intro)","Roda De Funk"
Diego,Gutiérrez,Dujji,"Roda De Funk"
Diego,Gutiérrez,"Esperando Na Janela","As Canções de Eu Tu Eles"
Diego,Gutiérrez,"New Love","Serie Sem Limite (Disc 1)"
Diego,Gutiérrez,Compadre,"Serie Sem Limite (Disc 1)"
Diego,Gutiérrez,"Não Quero Dinheiro","Serie Sem Limite (Disc 2)"
Diego,Gutiérrez,"Canário Do Reino","Serie Sem Limite (Disc 2)"
Diego,Gutiérrez,Comida,Acústico
Diego,Gutiérrez,Marvin,Acústico
Diego,Gutiérrez,"Cabeça Dinossauro",Acústico
Diego,Gutiérrez,"Polícia (Vinheta)",Acústico
Diego,Gutiérrez,"Sua Impossivel Chance","Volume Dois"
Dominique,Lefebvre,"Morena De Angola","Minha Historia"
Dominique,Lefebvre,"A Banda","Minha Historia"
Dominique,Lefebvre,"União Da Ilha","Sambas De Enredo 2001"
Dominique,Lefebvre,"Put Your Lights On",Supernatural
Dominique,Lefebvre,Primavera,Supernatural
Dominique,Lefebvre,"Seis Da Tarde","The Best of Ed Motta"
Dominique,Lefebvre,Compulsion,"The Essential Miles Davis [Disc 1]"
Dominique,Lefebvre,"The Pan Piper","The Essential Miles Davis [Disc 1]"
Dominique,Lefebvre,"Jean Pierre (Live)","The Essential Miles Davis [Disc 2]"
Dominique,Lefebvre,"Drum Boogie","Up An' Atom"
Dominique,Lefebvre,"Lemon Drop","Up An' Atom"
Dominique,Lefebvre,Showcase,"Up An' Atom"
Dominique,Lefebvre,"Como É Duro Trabalhar","Vinícius De Moraes - Sem Limite"
Dominique,Lefebvre,"Pela Luz dos Olhos Teus (Miúcha e Tom Jobim)","Vozes do MPB"
Dominique,Lefebvre,"As Rosas Não Falam (Beth Carvalho)","Vozes do MPB"
Dominique,Lefebvre,"Green River","Chronicle, Vol. 1"
Dominique,Lefebvre,"Suck My Kiss","Blood Sugar Sex Magik"
Dominique,Lefebvre,"Under The Bridge","Blood Sugar Sex Magik"
Dominique,Lefebvre,"They're Red Hot","Blood Sugar Sex Magik"
Dominique,Lefebvre,"The Zephyr Song","By The Way"
Dominique,Lefebvre,Tear,"By The Way"
Dominique,Lefebvre,"Parallel Universe",Californication
Dominique,Lefebvre,Porcelain,Californication
Dominique,Lefebvre,"Right On Time",Californication
Dominique,Lefebvre,Xanadu,"Retrospective I (1974-1980)"
Dominique,Lefebvre,"Through a Looking Glass","Lost, Season 3"
Dominique,Lefebvre,"Your Time Is Gonna Come",Un-Led-Ed
Dominique,Lefebvre,Innuendo,"Greatest Hits II"
Dominique,Lefebvre,Breakthru,"Greatest Hits II"
Dominique,Lefebvre,Headlong,"Greatest Hits II"
Dominique,Lefebvre,"I'm Going Slightly Mad","Greatest Hits II"
Dominique,Lefebvre,"I Am",Faceless
Dominique,Lefebvre,"Jesus Of Suburbia / City Of The Damned / I Don't Care / Dearly Beloved / Tales Of Another Broken Home","American Idiot"
Dominique,Lefebvre,"St. Jimmy","American Idiot"
Dominique,Lefebvre,Letterbomb,"American Idiot"
Dominique,Lefebvre,"Welcome to the Jungle","Appetite for Destruction"
Dominique,Lefebvre,"Mr. Brownstone","Appetite for Destruction"
Dominique,Lefebvre,"City Of Blinding Lights","How To Dismantle An Atomic Bomb"
Eduardo,Martins,"Admirável Gado Novo","Cássia Eller - Sem Limite [Disc 1]"
Eduardo,Martins,"Mis Penas Lloraba Yo (Ao Vivo) Soy Gitano (Tangos)","Cássia Eller - Sem Limite [Disc 1]"
Eduardo,Martins,Drifter,"Come Taste The Band"
Eduardo,Martins,"Child In Time","Deep Purple In Rock"
Eduardo,Martins,"No No No",Fireball
Eduardo,Martins,"Knocking At Your Back Door","Knocking at Your Back Door: The Best Of Deep Purple in the 80's"
Eduardo,Martins,"The Unwritten Law","Knocking at Your Back Door: The Best Of Deep Purple in the 80's"
Eduardo,Martins,"Maybe I'm A Leo","Machine Head"
Eduardo,Martins,"Vavoom : Ted The Mechanic",Purpendicular
Eduardo,Martins,"D'Yer Mak'er","Houses Of The Holy"
Eduardo,Martins,"No Quarter","Houses Of The Holy"
Eduardo,Martins,"Bittersweet Me","New Adventures In Hi-Fi"
Eduardo,Martins,"Binky The Doormat","New Adventures In Hi-Fi"
Eduardo,Martins,"So Fast, So Numb","New Adventures In Hi-Fi"
Eduardo,Martins,Electrolite,"New Adventures In Hi-Fi"
Eduardo,Martins,Bad,"The Best Of 1980-1990"
Eduardo,Martins,"Sweetest Thing","The Best Of 1980-1990"
Eduardo,Martins,"All I Want Is You","The Best Of 1980-1990"
Eduardo,Martins,"Like A Song...",War
Eduardo,Martins,"Red Light",War
Eduardo,Martins,Babyface,Zooropa
Eduardo,Martins,"Aces High",Powerslave
Eduardo,Martins,Praise,"Seek And Shall Find: More Of The Best (1963-1981)"
Eduardo,Martins,"Down Under","The Best Of Men At Work"
Eduardo,Martins,"Most High","Walking Into Clarksdale"
Eduardo,Martins,"Your Blue Room","Original Soundtracks 1"
Eduardo,Martins,"Plot 180","Original Soundtracks 1"
Eduardo,Martins,Sanctuary,"The Beast Live"
Eduardo,Martins,Untitled,"Live On Two Legs [Live]"
Eduardo,Martins,Black,"Live On Two Legs [Live]"
Eduardo,Martins,"Big Wave","Pearl Jam"
Eduardo,Martins,Cropduster,"Riot Act"
Eduardo,Martins,"1/2 Full","Riot Act"
Eduardo,Martins,Oceans,Ten
Eduardo,Martins,Dissident,Vs.
Eduardo,Martins,"Don't Look Back","Greatest Hits"
Eduardo,Martins,"Pick Myself Up","Greatest Hits"
Eduardo,Martins,"Any Colour You Like","Dark Side Of The Moon"
Edward,Francis,"Black Mountain Side","Led Zeppelin I"
Edward,Francis,"Communication Breakdown","Led Zeppelin I"
Edward,Francis,"Can't Get There From Here","The Best Of R.E.M.: The IRS Years"
Edward,Francis,"Fall On Me","The Best Of R.E.M.: The IRS Years"
Edward,Francis,Cuyahoga,"The Best Of R.E.M.: The IRS Years"
Edward,Francis,"The Finest Worksong","The Best Of R.E.M.: The IRS Years"
Edward,Francis,"Stay (Faraway, So Close!)",Zooropa
Edward,Francis,"Dirty Day",Zooropa
Edward,Francis,"I Would Do For You","UB40 The Best Of - Volume Two [UK]"
Edward,Francis,"Wear You To The Ball","UB40 The Best Of - Volume Two [UK]"
Edward,Francis,"C'est La Vie","UB40 The Best Of - Volume Two [UK]"
Edward,Francis,"Where Have All The Good Times Gone?","Diver Down"
Edward,Francis,"The Number Of The Beast","Rock In Rio [CD2]"
Edward,Francis,"The Struggle Within","Black Album"
Edward,Francis,"The Small Hours","Garage Inc. (Disc 2)"
Edward,Francis,Prowler,"The Beast Live"
Edward,Francis,"Given To Fly","Live On Two Legs [Live]"
Edward,Francis,"Off He Goes","Live On Two Legs [Live]"
Edward,Francis,"Severed Hand","Pearl Jam"
Edward,Francis,"Inside Job","Pearl Jam"
Edward,Francis,"Get Right","Riot Act"
Edward,Francis,Alive,Ten
Edward,Francis,Go,Vs.
Edward,Francis,"Elderly Woman Behind The Counter In A Small Town",Vs.
Edward,Francis,"Bush Doctor","Greatest Hits"
Edward,Francis,Time,"Dark Side Of The Moon"
Edward,Francis,"Hip Hop Rio","Os Cães Ladram Mas A Caravana Não Pára"
Edward,Francis,"Rappers Reais","Os Cães Ladram Mas A Caravana Não Pára"
Edward,Francis,"Bicycle Race","Greatest Hits I"
Edward,Francis,"Black Diamond","Greatest Kiss"
Edward,Francis,"Shock Me","Greatest Kiss"
Edward,Francis,"Calling Dr. Love","Greatest Kiss"
Edward,Francis,"God Gave Rock 'n' Roll To You","Greatest Kiss"
Edward,Francis,Surrender,"Heart of the Night"
Edward,Francis,"Best Thing","Heart of the Night"
Edward,Francis,"When I Come Around","International Superhits"
Edward,Francis,"Walking Contradiction","International Superhits"
Edward,Francis,Minority,"International Superhits"
Ellie,Sullivan,"Naked In Front Of The Computer","Album Of The Year"
Ellie,Sullivan,Moonchild,"Seventh Son of a Seventh Son"
Ellie,Sullivan,"Can I Play With Madness","Seventh Son of a Seventh Son"
Ellie,Sullivan,Dezesseis,"Mais Do Mesmo"
Ellie,Sullivan,"American Woman","Greatest Hits"
Ellie,Sullivan,Honolulu,"Lulu Santos - RCA 100 Anos De Música - Álbum 02"
Ellie,Sullivan,Brumário,"Lulu Santos - RCA 100 Anos De Música - Álbum 01"
Ellie,Sullivan,"Tudo Bem","Lulu Santos - RCA 100 Anos De Música - Álbum 01"
Ellie,Sullivan,"Pseudo Silk Kimono","Misplaced Childhood"
Ellie,Sullivan,"White Feather","Misplaced Childhood"
Ellie,Sullivan,"De Noite Na Cama","Barulhinho Bom"
Ellie,Sullivan,"O Xote Das Meninas","Barulhinho Bom"
Ellie,Sullivan,"Seek And You Shall Find","Seek And Shall Find: More Of The Best (1963-1981)"
Ellie,Sullivan,"Heavy Love Affair","Seek And Shall Find: More Of The Best (1963-1981)"
Ellie,Sullivan,"Shakes and Ladders","The Best Of Men At Work"
Ellie,Sullivan,"Nothing Else Matters","Black Album"
Ellie,Sullivan,"Last Caress/Green Hell","Garage Inc. (Disc 2)"
Ellie,Sullivan,"Pini Di Roma (Pinien Von Rom)  I Pini Della Via Appia","Respighi:Pines of Rome"
Ellie,Sullivan,"Balls to the Wall","Balls to the Wall"
Ellie,Sullivan,"Inject The Venom","For Those About To Rock We Salute You"
Ellie,Sullivan,Spellbound,"For Those About To Rock We Salute You"
Ellie,Sullivan,Overdose,"Let There Be Rock"
Ellie,Sullivan,"What It Takes","Big Ones"
Ellie,Sullivan,"Deuces Are Wild","Big Ones"
Ellie,Sullivan,"All I Really Want","Jagged Little Pill"
Ellie,Sullivan,"You Learn","Jagged Little Pill"
Ellie,Sullivan,Esquinas,"Djavan Ao Vivo - Vol. 02"
Ellie,Sullivan,Se...,"Djavan Ao Vivo - Vol. 02"
Ellie,Sullivan,"Tyrant (Live)","Living After Midnight"
Ellie,Sullivan,"Plaster Caster","Unplugged [Live]"
Ellie,Sullivan,"Do You Love Me","Unplugged [Live]"
Ellie,Sullivan,"Sure Know Something","Unplugged [Live]"
Ellie,Sullivan,Flash,"Greatest Hits I"
Ellie,Sullivan,"We Will Rock You","News Of The World"
Ellie,Sullivan,"Spread Your Wings","News Of The World"
Ellie,Sullivan,"Who Needs You","News Of The World"
Ellie,Sullivan,"Me In Honey","Out Of Time"
Ellie,Sullivan,"You Are The Everything",Green
Emma,Jones,"Samba Makossa","Da Lama Ao Caos"
Emma,Jones,"Lixo Do Mangue","Da Lama Ao Caos"
Emma,Jones,Firmamento,"Acústico MTV [Live]"
Emma,Jones,"Já Foi","Acústico MTV [Live]"
Emma,Jones,"A Cor Do Sol","Acústico MTV [Live]"
Emma,Jones,Firmamento,"Cidade Negra - Hits"
Emma,Jones,"Sábado A Noite","Cidade Negra - Hits"
Emma,Jones,"Linha Do Equador","Na Pista"
Emma,Jones,"Livre Pra Viver","Na Pista"
Emma,Jones,"Boulevard Of Broken Dreams","American Idiot"
Emma,Jones,"Are We The Waiting","American Idiot"
Emma,Jones,"Ain't My Bitch",Load
Emma,Jones,"The House Jack Built",Load
Emma,Jones,"King Nothing",Load
Emma,Jones,"Bleeding Me",Load
Emma,Jones,"No Memory",Core
Emma,Jones,"Piece Of Pie",Core
Emma,Jones,"Where The River Goes",Core
Emma,Jones,Cigaro,Mezmerize
Emma,Jones,Question!,Mezmerize
Emma,Jones,"The Sun Road","[1997] Black Light Syndrome"
Emma,Jones,"Dois Pra Lá, Dois Pra Cá","Elis Regina-Minha História"
Emma,Jones,Tailgunner,"No Prayer For The Dying"
Emma,Jones,"No Prayer For The Dying","No Prayer For The Dying"
Emma,Jones,"Sick Again","Physical Graffiti [Disc 2]"
Emma,Jones,"Celebration Day","The Song Remains The Same (Disc 1)"
Emma,Jones,L'Avventura,"A TempestadeTempestade Ou O Livro Dos Dias"
Emma,Jones,Leila,"A TempestadeTempestade Ou O Livro Dos Dias"
Emma,Jones,"Tempo Perdido","Mais Do Mesmo"
Emma,Jones,Giz,"Mais Do Mesmo"
Emma,Jones,"Mr. Cab Driver","Greatest Hits"
Emma,Jones,"Assim Caminha A Humanidade","Lulu Santos - RCA 100 Anos De Música - Álbum 01"
Emma,Jones,Satisfação,"Lulu Santos - RCA 100 Anos De Música - Álbum 01"
Emma,Jones,Ro-Que-Se-Da-Ne,"Lulu Santos - RCA 100 Anos De Música - Álbum 02"
Emma,Jones,"O Último Romântico (Ao Vivo)","Lulu Santos - RCA 100 Anos De Música - Álbum 02"
Emma,Jones,"Childhoods End?","Misplaced Childhood"
Emma,Jones,"Panis Et Circenses","Barulhinho Bom"
Emma,Jones,"Segue O Seco","Barulhinho Bom"
Enrique,Muñoz,"Hallowed Be Thy Name","The Number of The Beast"
Enrique,Muñoz,"Phantom Lord","Kill 'Em All"
Enrique,Muñoz,"Seek & Destroy","Kill 'Em All"
Enrique,Muñoz,"F*Ckin' Up","Live On Two Legs [Live]"
Enrique,Muñoz,Gone,"Pearl Jam"
Enrique,Muñoz,Ghost,"Riot Act"
Enrique,Muñoz,Arc,"Riot Act"
Enrique,Muñoz,Porch,Ten
Enrique,Muñoz,W.M.A.,Vs.
Enrique,Muñoz,"Jah Seh No","Greatest Hits"
Enrique,Muñoz,"Crystal Ball","Greatest Hits"
Enrique,Muñoz,"Brain Damage","Dark Side Of The Moon"
Enrique,Muñoz,"O Bicho Tá Pregando","Os Cães Ladram Mas A Caravana Não Pára"
Enrique,Muñoz,"Bohemian Rhapsody","Greatest Hits I"
Enrique,Muñoz,"Somebody To Love","Greatest Hits I"
Enrique,Muñoz,"We Are The Champions","News Of The World"
Enrique,Muñoz,"My Melancholy Blues","News Of The World"
Enrique,Muñoz,Playtime,"Heart of the Night"
Enrique,Muñoz,"J Squared","Heart of the Night"
Enrique,Muñoz,"Basket Case","International Superhits"
Enrique,Muñoz,Jaded,"International Superhits"
Enrique,Muñoz,"Nice Guys Finish Last","International Superhits"
Enrique,Muñoz,"River Song","Into The Light"
Enrique,Muñoz,"Living On Love","Into The Light"
Enrique,Muñoz,"Não Dá Mais Pra Segurar (Explode Coração)","Meus Momentos"
Enrique,Muñoz,"Eu Apenas Queria Que Voçê Soubesse","Meus Momentos"
Enrique,Muñoz,"The Trooper","Live At Donington 1992 (Disc 2)"
Enrique,Muñoz,Sanctuary,"Live At Donington 1992 (Disc 2)"
Enrique,Muñoz,"Mãe Terra",Compositores
Enrique,Muñoz,"Menino De Rua",Compositores
Enrique,Muñoz,Elza,Compositores
Enrique,Muñoz,"Nossa Gente (Avisa Là)",Olodum
Enrique,Muñoz,"I Can't Explain","My Generation - The Very Best Of The Who"
Enrique,Muñoz,"I'm A Boy","My Generation - The Very Best Of The Who"
Enrique,Muñoz,"I Can See For Miles","My Generation - The Very Best Of The Who"
Enrique,Muñoz,"Baba O'Riley","My Generation - The Very Best Of The Who"
Enrique,Muñoz,"Join Together","My Generation - The Very Best Of The Who"
Enrique,Muñoz,Primavera,"Serie Sem Limite (Disc 1)"
Fernanda,Ramos,"Dust N' Bones","Use Your Illusion I"
Fernanda,Ramos,"Live and Let Die","Use Your Illusion I"
Fernanda,Ramos,"The Memory Remains",ReLoad
Fernanda,Ramos,"The Unforgiven II",ReLoad
Fernanda,Ramos,Slither,ReLoad
Fernanda,Ramos,"Bad Seed",ReLoad
Fernanda,Ramos,"Black Light Syndrome","[1997] Black Light Syndrome"
Fernanda,Ramos,"Midnight From The Inside Out","Live [Disc 1]"
Fernanda,Ramos,"Sometimes Salvation","Live [Disc 1]"
Fernanda,Ramos,"Girl From A Pawnshop","Live [Disc 1]"
Fernanda,Ramos,"Title Song","Live [Disc 2]"
Fernanda,Ramos,"Soul Singing","Live [Disc 2]"
Fernanda,Ramos,"Lay Down Sally","The Cream Of Clapton"
Fernanda,Ramos,Duelists,Powerslave
Fernanda,Ramos,Powerslave,Powerslave
Fernanda,Ramos,Aloha,"A TempestadeTempestade Ou O Livro Dos Dias"
Fernanda,Ramos,Será,"Mais Do Mesmo"
Fernanda,Ramos,"Pais E Filhos","Mais Do Mesmo"
Fernanda,Ramos,"Rock And Roll Is Dead","Greatest Hits"
Fernanda,Ramos,"I Belong To You","Greatest Hits"
Fernanda,Ramos,Casa,"Lulu Santos - RCA 100 Anos De Música - Álbum 01"
Fernanda,Ramos,"A Cura","Lulu Santos - RCA 100 Anos De Música - Álbum 01"
Fernanda,Ramos,Sereia,"Lulu Santos - RCA 100 Anos De Música - Álbum 01"
Fernanda,Ramos,"Heart Of Lothian: Wide Boy / Curtain Call","Misplaced Childhood"
Fernanda,Ramos,"Cérebro Eletrônico","Barulhinho Bom"
Fernanda,Ramos,"A Menina Dança","Barulhinho Bom"
Fernanda,Ramos,"You've Been A Long Time Coming","Seek And Shall Find: More Of The Best (1963-1981)"
Fernanda,Ramos,"Abraham, Martin And John","Seek And Shall Find: More Of The Best (1963-1981)"
Fernanda,Ramos,"Everything I Need","The Best Of Men At Work"
Fernanda,Ramos,"Help Yourself",Frank
Fernanda,Ramos,"Suite No. 3 in D, BWV 1068: III. Gavotte I & II","Bach: Orchestral Suites Nos. 1 - 4"
Fernanda,Ramos,"Music for the Funeral of Queen Mary: VI. "Thou Knowest, Lord, the Secrets of Our Hearts"","Purcell: Music for the Queen Mary"
Fernanda,Ramos,"Symphony No. 2, Op. 16 -  "The Four Temperaments": II. Allegro Comodo e Flemmatico","Nielsen: The Six Symphonies"
Fernanda,Ramos,"String Quartet No. 12 in C Minor, D. 703 "Quartettsatz": II. Andante - Allegro assai","Schubert: The Late String Quartets & String Quintet (3 CD's)"
Fernanda,Ramos,"Fast As a Shark","Restless and Wild"
Fernanda,Ramos,Snowballed,"For Those About To Rock We Salute You"
Fernanda,Ramos,"Go Down","Let There Be Rock"
Fernanda,Ramos,"Hell Ain't A Bad Place To Be","Let There Be Rock"
François,Tremblay,Pilot,Aquaman
François,Tremblay,"Through the Looking Glass, Pt. 1","Lost, Season 3"
François,Tremblay,"Canta, Canta Mais","Warner 25 Anos"
François,Tremblay,Cochise,Audioslave
François,Tremblay,Hypnotize,Audioslave
François,Tremblay,"Drown Me Slowly","Out Of Exile"
François,Tremblay,"Long Tall Sally","BackBeat Soundtrack"
François,Tremblay,"Good Golly Miss Molly","BackBeat Soundtrack"
François,Tremblay,"Do what cha wanna","The Best Of Billy Cobham"
François,Tremblay,A.N.D.R.O.T.A.Z.,"Alcohol Fueled Brewtality Live! [Disc 1]"
François,Tremblay,"The Beginning...At Last","Alcohol Fueled Brewtality Live! [Disc 2]"
François,Tremblay,"Tomorrow's Dream","Black Sabbath Vol. 4 (Remaster)"
François,Tremblay,"Smoked Pork","Body Count"
François,Tremblay,Voodoo,"Body Count"
François,Tremblay,"Chemical Wedding","Chemical Wedding"
François,Tremblay,Realword,"Chemical Wedding"
François,Tremblay,"Ride The Lightning","Ride The Lightning"
François,Tremblay,"The Call Of Ktulu","Ride The Lightning"
François,Tremblay,"My World","St. Anger"
François,Tremblay,Blackened,"...And Justice For All"
François,Tremblay,"The Frayed Ends Of Sanity","...And Justice For All"
François,Tremblay,"My Ship","Miles Ahead"
François,Tremblay,"I Don't Wanna Be Kissed (By Anyone But You)","Miles Ahead"
François,Tremblay,"A Noite Do Meu Bem","Milton Nascimento Ao Vivo"
François,Tremblay,Brasil,"Milton Nascimento Ao Vivo"
François,Tremblay,"Happy Jack","My Generation - The Very Best Of The Who"
François,Tremblay,"Pictures Of Lily","My Generation - The Very Best Of The Who"
François,Tremblay,"Concerto for Cello and Orchestra in E minor, Op. 85: I. Adagio - Moderato","Elgar: Cello Concerto & Vaughan Williams: Fantasias"
François,Tremblay,"Wellington's Victory or the Battle Symphony, Op.91: 2. Symphony of Triumph","Tchaikovsky: 1812 Festival Overture, Op.49, Capriccio Italien & Beethoven: Wellington's Victory"
François,Tremblay,"Romeo et Juliette: No. 11 - Danse des Chevaliers","Prokofiev: Romeo & Juliet"
François,Tremblay,"Symphonie Fantastique, Op. 14: V. Songe d'une nuit du sabbat","Berlioz: Symphonie Fantastique"
François,Tremblay,"Jungle Drums","Up An' Atom"
François,Tremblay,"Pot-Pourri N.º 4","Vinícius De Moraes - Sem Limite"
François,Tremblay,"Pot-Pourri N.º 5","Vinícius De Moraes - Sem Limite"
François,Tremblay,"Por Que Será","Vinícius De Moraes - Sem Limite"
François,Tremblay,"Samba Em Prelúdio","Vinícius De Moraes - Sem Limite"
François,Tremblay,"Chão de Giz (Elba Ramalho)","Vozes do MPB"
François,Tremblay,Waiting,"Judas 0: B-Sides and Rarities"
Frank,Harris,Valentino's,"Heart of the Night"
Frank,Harris,Promises,"The Cream Of Clapton"
Frank,Harris,Signe,Unplugged
Frank,Harris,"Ghost Of The Navigator","Brave New World"
Frank,Harris,"Wildest Dreams","Dance Of Death"
Frank,Harris,"Age Of Innocence","Dance Of Death"
Frank,Harris,"Chains Of Misery","Fear Of The Dark"
Frank,Harris,"05 - Phantom of the Opera","Iron Maiden"
Frank,Harris,"Genghis Khan",Killers
Frank,Harris,"The Trooper","Live After Death"
Frank,Harris,"Running Free","Live After Death"
Frank,Harris,"From Here To Eternity","Live At Donington 1992 (Disc 1)"
Frank,Harris,"Heaven Can Wait","Live At Donington 1992 (Disc 2)"
Frank,Harris,"Holy Smoke","No Prayer For The Dying"
Frank,Harris,"Where Eagles Dare","Piece Of Mind"
Frank,Harris,"Aces High",Powerslave
Frank,Harris,"The Wicker Man","Rock In Rio [CD1]"
Frank,Harris,"The First Time",Zooropa
Frank,Harris,"Homely Girl","UB40 The Best Of - Volume Two [UK]"
Frank,Harris,"Bring Me Your Cup","UB40 The Best Of - Volume Two [UK]"
Frank,Harris,"Hang 'Em High","Diver Down"
Frank,Harris,"Little Guitars (Intro)","Diver Down"
Frank,Harris,"Ain't Talkin' 'bout Love","The Best Of Van Halen, Vol. I"
Frank,Harris,Panama,"The Best Of Van Halen, Vol. I"
Frank,Harris,"Can't Stop Loving You","The Best Of Van Halen, Vol. I"
Frank,Harris,"You Really Got Me","Van Halen"
Frank,Harris,"Tanto Tempo","Chill: Brazil (Disc 2)"
Frank,Harris,"Eu Vim Da Bahia - Live","Chill: Brazil (Disc 2)"
Frank,Harris,"Opachorô (Live)","Quanta Gente Veio Ver (Live)"
Frank,Harris,"A Novidade (Live)","Quanta Gente Veio Ver (Live)"
Frank,Harris,"De Ouro E Marfim (Live)","Quanta Gente Veio Ver (Live)"
Frank,Harris,"Lamento De Carnaval","Quanta Gente Veio ver--Bônus De Carnaval"
Frank,Harris,"Holier Than Thou","Black Album"
Frank,Harris,"Through The Never","Black Album"
Frank,Harris,"My Friend Of Misery","Black Album"
Frank,Harris,"The Wait","Garage Inc. (Disc 2)"
Frank,Harris,Blitzkrieg,"Garage Inc. (Disc 2)"
Frank,Harris,"So What","Garage Inc. (Disc 2)"
Frank,Ralston,"Sunday Bloody Sunday",War
Frank,Ralston,"New Year's Day",War
Frank,Ralston,"Meet Kevin Johnson","LOST, Season 4"
Frank,Ralston,"Muita Bobeira","Duos II"
Frank,Ralston,"Say Hello 2 Heaven","Temple of the Dog"
Frank,Ralston,"All Night Thing","Temple of the Dog"
Frank,Ralston,"Scar On the Sky","Carry On"
Frank,Ralston,"Until We Fall",Revelations
Frank,Ralston,"Show Me How to Live (Live at the Quart Festival)",Revelations
Frank,Ralston,"The Messiah: Behold, I Tell You a Mystery... The Trumpet Shall Sound","Handel: The Messiah (Highlights)"
Frank,Ralston,"Requiem, Op.48: 4. Pie Jesu","Fauré: Requiem, Ravel: Pavane & Others"
Frank,Ralston,"Branch Closing","The Office, Season 3"
Frank,Ralston,"Piano Sonata No. 14 in C Sharp Minor, Op. 27, No. 2, "Moonlight": I. Adagio sostenuto","Beethoven Piano Sonatas: Moonlight & Pastorale"
Frank,Ralston,"Symphonie Fantastique, Op. 14: V. Songe d'une nuit du sabbat","Berlioz: Symphonie Fantastique"
Frank,Ralston,Rehab,"Back to Black"
Frank,Ralston,"He Can Only Hold Her","Back to Black"
Frank,Ralston,"That's The Way","Led Zeppelin III"
Frank,Ralston,"Ten Years Gone","Physical Graffiti [Disc 2]"
Frank,Ralston,"Achilles Last Stand",Presence
Frank,Ralston,"Tea For One",Presence
Frank,Ralston,"No Quarter","The Song Remains The Same (Disc 2)"
Frank,Ralston,"Música De Trabalho","A TempestadeTempestade Ou O Livro Dos Dias"
Frank,Ralston,Dezesseis,"A TempestadeTempestade Ou O Livro Dos Dias"
Frank,Ralston,"O Livro Dos Dias","A TempestadeTempestade Ou O Livro Dos Dias"
Frank,Ralston,Indios,"Mais Do Mesmo"
Frank,Ralston,[Untitled],"Rotten Apples: Greatest Hits"
Frank,Ralston,"Nothing To Say",A-Sides
Frank,Ralston,"The Convict","The Office, Season 3"
Frank,Ralston,"Back from Vacation","The Office, Season 3"
Frank,Ralston,"Producer's Cut: The Return","The Office, Season 3"
Frank,Ralston,"Phyllis's Wedding","The Office, Season 3"
Frank,Ralston,"Turn The Page","Garage Inc. (Disc 1)"
Frank,Ralston,Astronomy,"Garage Inc. (Disc 1)"
Frank,Ralston,"A Kind Of Magic","Greatest Hits II"
Frank,Ralston,"I Want To Break Free","Greatest Hits II"
Frank,Ralston,"Who Wants To Live Forever","Greatest Hits II"
Frank,Ralston,"The Invisible Man","Greatest Hits II"
Frank,Ralston,"Rappers Reais","Os Cães Ladram Mas A Caravana Não Pára"
František,Wichterlová,"Wet My Bed",Core
František,Wichterlová,Crackerman,Core
František,Wichterlová,"#9 Dream","Instant Karma: The Amnesty International Campaign to Save Darfur"
František,Wichterlová,"Give Peace a Chance","Instant Karma: The Amnesty International Campaign to Save Darfur"
František,Wichterlová,"Whatever Gets You Thru the Night","Instant Karma: The Amnesty International Campaign to Save Darfur"
František,Wichterlová,"Gimme Some Truth","Instant Karma: The Amnesty International Campaign to Save Darfur"
František,Wichterlová,"De La Luz","Heart of the Night"
František,Wichterlová,Surrender,"Heart of the Night"
František,Wichterlová,"When Evening Falls","Heart of the Night"
František,Wichterlová,"Poprocks And Coke","International Superhits"
František,Wichterlová,"When I Come Around","International Superhits"
František,Wichterlová,"Brain Stew","International Superhits"
František,Wichterlová,Untitled,Green
František,Wichterlová,"Magic Bus","My Generation - The Very Best Of The Who"
František,Wichterlová,"The Seeker","My Generation - The Very Best Of The Who"
František,Wichterlová,Unchained,"The Best Of Van Halen, Vol. I"
František,Wichterlová,"Humans Being","The Best Of Van Halen, Vol. I"
František,Wichterlová,"Atomic Punk","Van Halen"
František,Wichterlová,"Dirty Water Dog","Van Halen III"
František,Wichterlová,"Do It For The Kids",Contraband
František,Wichterlová,Slither,Contraband
František,Wichterlová,"Samba Pra Endrigo","Vinicius De Moraes"
František,Wichterlová,"Still Of The Night","Greatest Hits"
František,Wichterlová,"You're Gonna Break My Hart Again","Greatest Hits"
František,Wichterlová,"Coração Em Desalinho","Ao Vivo [IMPORT]"
František,Wichterlová,"Camarão que Dorme e Onda Leva","Ao Vivo [IMPORT]"
František,Wichterlová,"The Hard Part","Heroes, Season 1"
František,Wichterlová,"Hot Girl","The Office, Season 1"
František,Wichterlová,"Email Surveillance","The Office, Season 2"
František,Wichterlová,"Fear Of The Dark","Rock In Rio [CD2]"
František,Wichterlová,Moonchild,"Seventh Son of a Seventh Son"
František,Wichterlová,"The Clairvoyant","Seventh Son of a Seventh Son"
František,Wichterlová,"Stranger in a Strange Land","Somewhere in Time"
František,Wichterlová,Gangland,"The Number of The Beast"
František,Wichterlová,"Sign Of The Cross","The X Factor"
František,Wichterlová,"Judgement Of Heaven","The X Factor"
František,Wichterlová,"The Angel And The Gambler","Virtual XI"
František,Wichterlová,"Como Estais Amigos","Virtual XI"
Fynn,Zimmermann,"Bye, Bye Brasil","Minha Historia"
Fynn,Zimmermann,"Susie Q","Chronicle, Vol. 1"
Fynn,Zimmermann,"Proud Mary","Chronicle, Vol. 1"
Fynn,Zimmermann,"Over And Out","In Your Honor [Disc 2]"
Fynn,Zimmermann,"Disenchanted Lullaby","One By One"
Fynn,Zimmermann,"Hey, Johnny Park!","The Colour And The Shape"
Fynn,Zimmermann,"Walking After You","The Colour And The Shape"
Fynn,Zimmermann,"Summer Love","My Way: The Best Of Frank Sinatra [Disc 1]"
Fynn,Zimmermann,"Come Fly With Me","My Way: The Best Of Frank Sinatra [Disc 1]"
Fynn,Zimmermann,Nervosa,"Roda De Funk"
Fynn,Zimmermann,"Meu Guarda-Chuva","Roda De Funk"
Fynn,Zimmermann,Juazeiro,"As Canções de Eu Tu Eles"
Fynn,Zimmermann,"Lamento Sertanejo","As Canções de Eu Tu Eles"
Fynn,Zimmermann,"Estrela (Live)","Quanta Gente Veio Ver (Live)"
Fynn,Zimmermann,"Lamento De Carnaval","Quanta Gente Veio ver--Bônus De Carnaval"
Fynn,Zimmermann,"Beira Mar",Unplugged
Fynn,Zimmermann,"Straight Out Of Line",Faceless
Fynn,Zimmermann,"Sonifera Ilha","Volume Dois"
Fynn,Zimmermann,"Amanhã Não Se Sabe","Volume Dois"
Fynn,Zimmermann,"Eu E Ela","Volume Dois"
Fynn,Zimmermann,"Exodus, Pt. 1","Battlestar Galactica, Season 3"
Fynn,Zimmermann,"Unfinished Business","Battlestar Galactica, Season 3"
Fynn,Zimmermann,"A Day In the Life","Battlestar Galactica, Season 3"
Fynn,Zimmermann,Genesis,"Heroes, Season 1"
Fynn,Zimmermann,"Nothing to Hide","Heroes, Season 1"
Fynn,Zimmermann,Distractions,"Heroes, Season 1"
Fynn,Zimmermann,Cornucopia,"Black Sabbath Vol. 4 (Remaster)"
Fynn,Zimmermann,"Laguna Sunrise","Black Sabbath Vol. 4 (Remaster)"
Fynn,Zimmermann,"Nem Um Dia","Djavan Ao Vivo - Vol. 1"
Fynn,Zimmermann,Açai,"Djavan Ao Vivo - Vol. 1"
Fynn,Zimmermann,"Flor De Lis","Djavan Ao Vivo - Vol. 1"
Fynn,Zimmermann,Azul,"Djavan Ao Vivo - Vol. 1"
Fynn,Zimmermann,"I Still Love You","Unplugged [Live]"
Fynn,Zimmermann,"Nothin' To Lose","Unplugged [Live]"
Fynn,Zimmermann,"Since I've Been Loving You","BBC Sessions [Disc 2] [Live]"
Fynn,Zimmermann,"Going To California","BBC Sessions [Disc 2] [Live]"
Fynn,Zimmermann,"We're Gonna Groove",Coda
Fynn,Zimmermann,"Ozone Baby",Coda
Hannah,Schneider,"She Loves Me Not","Album Of The Year"
Hannah,Schneider,"Paths Of Glory","Album Of The Year"
Hannah,Schneider,"Fear Is The Key","Fear Of The Dark"
Hannah,Schneider,"01 - Prowler","Iron Maiden"
Hannah,Schneider,"The Ides Of March",Killers
Hannah,Schneider,Drifter,Killers
Hannah,Schneider,"The Number Of The Beast","Live After Death"
Hannah,Schneider,"Phantom Of The Opera","Live After Death"
Hannah,Schneider,"Afraid To Shoot Strangers","Live At Donington 1992 (Disc 1)"
Hannah,Schneider,"The Trooper","Live At Donington 1992 (Disc 2)"
Hannah,Schneider,"Run Silent Run Deep","No Prayer For The Dying"
Hannah,Schneider,"Still Life","Piece Of Mind"
Hannah,Schneider,"Back in the Village",Powerslave
Hannah,Schneider,"Blood Brothers","Rock In Rio [CD1]"
Hannah,Schneider,"The Number Of The Beast","Rock In Rio [CD2]"
Hannah,Schneider,"The Prophecy","Seventh Son of a Seventh Son"
Hannah,Schneider,"Dancing In The Street","Diver Down"
Hannah,Schneider,Eruption,"The Best Of Van Halen, Vol. I"
Hannah,Schneider,Jump,"The Best Of Van Halen, Vol. I"
Hannah,Schneider,"Right Now","The Best Of Van Halen, Vol. I"
Hannah,Schneider,Eruption,"Van Halen"
Hannah,Schneider,"Feel Your Love Tonight","Van Halen"
Hannah,Schneider,"One I Want","Van Halen III"
Hannah,Schneider,"Year to the Day","Van Halen III"
Hannah,Schneider,"Big Machine",Contraband
Hannah,Schneider,"Tuesday's Gone","Garage Inc. (Disc 1)"
Hannah,Schneider,"The More I See","Garage Inc. (Disc 1)"
Hannah,Schneider,"Sítio Do Pica-Pau Amarelo",Unplugged
Hannah,Schneider,Faceless,Faceless
Hannah,Schneider,"Make Me Believe",Faceless
Hannah,Schneider,Re-Align,Faceless
Hannah,Schneider,"Damage Case","Garage Inc. (Disc 2)"
Hannah,Schneider,"The Four Horsemen","Kill 'Em All"
Hannah,Schneider,Whiplash,"Kill 'Em All"
Hannah,Schneider,"Metal Militia","Kill 'Em All"
Hannah,Schneider,"Until It Sleeps",Load
Hannah,Schneider,Cure,Load
Hannah,Schneider,Snowblind,"Black Sabbath Vol. 4 (Remaster)"
Heather,Leacock,"When Love Comes To Town","The Best Of 1980-1990"
Heather,Leacock,"Angel Of Harlem","The Best Of 1980-1990"
Heather,Leacock,Sozinho,"Prenda Minha"
Heather,Leacock,Mel,"Prenda Minha"
Heather,Leacock,Odara,"Prenda Minha"
Heather,Leacock,"Atrás Da Verd-E-Rosa Só Não Vai Quem Já Morreu","Prenda Minha"
Heather,Leacock,"Old Love",Unplugged
Heather,Leacock,"Last Cup Of Sorrow","Album Of The Year"
Heather,Leacock,"Ashes To Ashes","Album Of The Year"
Heather,Leacock,"Home Sick Home","Album Of The Year"
Heather,Leacock,"Midlife Crisis","Angel Dust"
Heather,Leacock,Malpractice,"Angel Dust"
Heather,Leacock,"Música No Ar","Serie Sem Limite (Disc 1)"
Heather,Leacock,"The Initiation","The Office, Season 3"
Heather,Leacock,"Branch Closing","The Office, Season 3"
Heather,Leacock,Amazing,"Big Ones"
Heather,Leacock,"You Oughta Know","Jagged Little Pill"
Heather,Leacock,"Not The Doctor","Jagged Little Pill"
Heather,Leacock,"It Ain't Like That",Facelift
Heather,Leacock,"Por Causa De Você","Warner 25 Anos"
Heather,Leacock,"O Boto (Bôto)","Warner 25 Anos"
Heather,Leacock,"Welcome Home (Sanitarium)","Plays Metallica By Four Cellos"
Heather,Leacock,Exploder,Audioslave
Heather,Leacock,"Doesn't Remind Me","Out Of Exile"
Heather,Leacock,Money,"BackBeat Soundtrack"
Heather,Leacock,Carol,"BackBeat Soundtrack"
Heather,Leacock,Solo-Panhandler,"The Best Of Billy Cobham"
Heather,Leacock,"Bored To Tears","Alcohol Fueled Brewtality Live! [Disc 1]"
Heather,Leacock,"Blood In The Wall","Alcohol Fueled Brewtality Live! [Disc 2]"
Heather,Leacock,"Hit The Lights","Kill 'Em All"
Heather,Leacock,"Phantom Lord","Kill 'Em All"
Heather,Leacock,"The House Jack Built",Load
Heather,Leacock,"Poor Twisted Me",Load
Heather,Leacock,Battery,"Master Of Puppets"
Heather,Leacock,Orion,"Master Of Puppets"
Heather,Leacock,"Better Than You",ReLoad
Heather,Leacock,"Low Man's Lyric",ReLoad
Heather,Leacock,"Fade To Black","Ride The Lightning"
Helena,Holý,"When You Gonna Learn (Digeridoo)","Emergency On Planet Earth"
Helena,Holý,"Whatever It Is, I Just Can't Stop","Emergency On Planet Earth"
Helena,Holý,"Black Capricorn Day",Synkronized
Helena,Holý,"Were Do We Go From Here",Synkronized
Helena,Holý,"Light Years","The Return Of The Space Cowboy"
Helena,Holý,"Morning Glory","The Return Of The Space Cowboy"
Helena,Holý,"Get What You Need","Get Born"
Helena,Holý,"Take It Or Leave It","Get Born"
Helena,Holý,"Can You See Me","Are You Experienced?"
Helena,Holý,"How The West Was Won And Where It Got Us","New Adventures In Hi-Fi"
Helena,Holý,"The Wake-Up Bomb","New Adventures In Hi-Fi"
Helena,Holý,Heartland,"Rattle And Hum"
Helena,Holý,"The Star Spangled Banner","Rattle And Hum"
Helena,Holý,"All I Want Is You","Rattle And Hum"
Helena,Holý,"New Year's Day","The Best Of 1980-1990"
Helena,Holý,"My Time After Awhile","The Best Of Buddy Guy - The Millenium Collection"
Helena,Holý,"Prenda Minha","Prenda Minha"
Helena,Holý,"Texto "Verdade Tropical"","Prenda Minha"
Helena,Holý,Carolina,"Prenda Minha"
Helena,Holý,"Linha Do Equador","Prenda Minha"
Helena,Holý,"Vida Boa","Prenda Minha"
Helena,Holý,"Revolta Olodum",Olodum
Helena,Holý,Winterlong,"Judas 0: B-Sides and Rarities"
Helena,Holý,"Blissed & Gone","Judas 0: B-Sides and Rarities"
Helena,Holý,Insensível,"Volume Dois"
Helena,Holý,Collaborators,"Battlestar Galactica, Season 3"
Helena,Holý,"The Woman King","Battlestar Galactica, Season 3"
Helena,Holý,"One Giant Leap","Heroes, Season 1"
Helena,Holý,"The Fix","Heroes, Season 1"
Helena,Holý,"Man of Science, Man of Faith (Premiere)","Lost, Season 2"
Helena,Holý,Walkabout,"Lost, Season 1"
Helena,Holý,"The Moth","Lost, Season 1"
Helena,Holý,"Stranger In a Strange Land","Lost, Season 3"
Helena,Holý,"Par Avion","Lost, Season 3"
Helena,Holý,Outlaws,"Lost, Season 1"
Helena,Holý,"Deus Ex Machina","Lost, Season 1"
Helena,Holý,"Live Together, Die Alone, Pt. 1","Lost, Season 2"
Helena,Holý,"So Cruel","Achtung Baby"
Hugh,O'Reilly,Etnia,Afrociberdelia
Hugh,O'Reilly,"Samba Do Lado",Afrociberdelia
Hugh,O'Reilly,Sobremesa,Afrociberdelia
Hugh,O'Reilly,"Sangue De Bairro",Afrociberdelia
Hugh,O'Reilly,"Amor De Muito",Afrociberdelia
Hugh,O'Reilly,"Maracatu Atômico [Trip Hop]",Afrociberdelia
Hugh,O'Reilly,Perplexo,"Arquivo Os Paralamas Do Sucesso"
Hugh,O'Reilly,"End Of Romanticism","Morning Dance"
Hugh,O'Reilly,Crossfire,"In Step"
Hugh,O'Reilly,Adrift,"Lost, Season 2"
Hugh,O'Reilly,"...And Found","Lost, Season 2"
Hugh,O'Reilly,"The Other 48 Days","Lost, Season 2"
Hugh,O'Reilly,"The 23rd Psalm","Lost, Season 2"
Hugh,O'Reilly,"The Long Con","Lost, Season 2"
Hugh,O'Reilly,"The Whole Truth","Lost, Season 2"
Hugh,O'Reilly,S.O.S.,"Lost, Season 2"
Hugh,O'Reilly,"Exodus (Part 2) [Season Finale]","Lost, Season 1"
Hugh,O'Reilly,"The Fly","Achtung Baby"
Hugh,O'Reilly,"Walk On","All That You Can't Leave Behind"
Hugh,O'Reilly,"Spanish Eyes","B-Sides 1980-1990"
Hugh,O'Reilly,"Hallelujah Here She Comes","B-Sides 1980-1990"
Hugh,O'Reilly,"City Of Blinding Lights","How To Dismantle An Atomic Bomb"
Hugh,O'Reilly,Mofo,Pop
Hugh,O'Reilly,"Anything Goes","Appetite for Destruction"
Hugh,O'Reilly,"Perfect Crime","Use Your Illusion I"
Hugh,O'Reilly,"The Garden","Use Your Illusion I"
Hugh,O'Reilly,"Civil War","Use Your Illusion II"
Hugh,O'Reilly,Breakdown,"Use Your Illusion II"
Hugh,O'Reilly,"Don't Cry","Use Your Illusion II"
Hugh,O'Reilly,"L'Arc En Ciel De Miles","Blue Moods"
Hugh,O'Reilly,"Jacob's Ladder","Blue Moods"
Hugh,O'Reilly,"The Pilgrim","A Matter of Life and Death"
Hugh,O'Reilly,"Folhas Secas",Compositores
Hugh,O'Reilly,Poeira,Compositores
Hugh,O'Reilly,"Army Ants",Transmission
Hugh,O'Reilly,Gyroscope,Transmission
Hugh,O'Reilly,Release,Transmission
Hugh,O'Reilly,Babylon,Transmission
Isabelle,Mercier,"Prá Dizer Adeus",Acústico
Isabelle,Mercier,Família,Acústico
Isabelle,Mercier,"Act IV, Symphony","Purcell: The Fairy Queen"
Isabelle,Mercier,"Music for the Funeral of Queen Mary: VI. "Thou Knowest, Lord, the Secrets of Our Hearts"","Purcell: Music for the Queen Mary"
Isabelle,Mercier,"Partita in E Major, BWV 1006A: I. Prelude","J.S. Bach: Chaconne, Suite in E Minor, Partita in E Major & Prelude, Fugue and Allegro"
Isabelle,Mercier,"Sing Joyfully","English Renaissance"
Isabelle,Mercier,"Long As I Can See The Light","Chronicle, Vol. 1"
Isabelle,Mercier,"Sweet Hitch-Hiker","Chronicle, Vol. 1"
Isabelle,Mercier,"Born On The Bayou","Chronicle, Vol. 2"
Isabelle,Mercier,"Night Time Is The Right Time","Chronicle, Vol. 2"
Isabelle,Mercier,"The Midnight Special","Chronicle, Vol. 2"
Isabelle,Mercier,"(Wish I Could) Hideaway","Chronicle, Vol. 2"
Isabelle,Mercier,Starburst,"Morning Dance"
Isabelle,Mercier,"One Step Closer","How To Dismantle An Atomic Bomb"
Isabelle,Mercier,Yahweh,"How To Dismantle An Atomic Bomb"
Isabelle,Mercier,Salutations,"House of Pain"
Isabelle,Mercier,"Commercial 2","House of Pain"
Isabelle,Mercier,"Instinto Colectivo","Radio Brasil (O Som da Jovem Vanguarda) - Seleccao de Henrique Amaro"
Isabelle,Mercier,Armadura,"Radio Brasil (O Som da Jovem Vanguarda) - Seleccao de Henrique Amaro"
Isabelle,Mercier,"Past, Present, and Future","LOST, Season 4"
Isabelle,Mercier,"Ji Yeon","LOST, Season 4"
Isabelle,Mercier,"Love Comes","Every Kind of Light"
Isabelle,Mercier,"There's No Place Like Home, Pt. 3","LOST, Season 4"
Isabelle,Mercier,"Four Walled World","Temple of the Dog"
Isabelle,Mercier,"Billie Jean","Carry On"
Isabelle,Mercier,"Sound of a Gun",Revelations
Isabelle,Mercier,Moth,Revelations
Isabelle,Mercier,"Suite for Solo Cello No. 1 in G Major, BWV 1007: I. Prélude","Bach: The Cello Suites"
Isabelle,Mercier,"Die Walküre: The Ride of the Valkyries","Wagner: Favourite Overtures"
Isabelle,Mercier,"Over The Hills And Far Away","Houses Of The Holy"
Isabelle,Mercier,"In The Evening","In Through The Out Door"
Isabelle,Mercier,"I'm Gonna Crawl","In Through The Out Door"
Isabelle,Mercier,"Four Sticks",IV
Isabelle,Mercier,"Dazed and Confused","Led Zeppelin I"
Isabelle,Mercier,"Whole Lotta Love","Led Zeppelin II"
Isabelle,Mercier,"Ramble On","Led Zeppelin II"
Isabelle,Mercier,"Since I've Been Loving You","Led Zeppelin III"
Isabelle,Mercier,"Hats Off To (Roy) Harper","Led Zeppelin III"
Jack,Smith,Believe,"Heart of the Night"
Jack,Smith,"As We Sleep","Heart of the Night"
Jack,Smith,"Double Talkin' Jive","Use Your Illusion I"
Jack,Smith,"The Garden","Use Your Illusion I"
Jack,Smith,"Don't Damn Me","Use Your Illusion I"
Jack,Smith,"Dead Horse","Use Your Illusion I"
Jack,Smith,Attitude,ReLoad
Jack,Smith,"For Whom The Bell Tolls","Ride The Lightning"
Jack,Smith,"Creeping Death","Ride The Lightning"
Jack,Smith,"Some Kind Of Monster","St. Anger"
Jack,Smith,"Shoot Me Again","St. Anger"
Jack,Smith,"All Within My Hands","St. Anger"
Jack,Smith,Meditação,"Prenda Minha"
Jack,Smith,Formosa,"Vinícius De Moraes - Sem Limite"
Jack,Smith,"Minha Namorada","Vinícius De Moraes - Sem Limite"
Jack,Smith,"Zeca Violeiro","Deixa Entrar"
Jack,Smith,"No Way Back","In Your Honor [Disc 1]"
Jack,Smith,Still,"In Your Honor [Disc 2]"
Jack,Smith,Razor,"In Your Honor [Disc 2]"
Jack,Smith,Overdrive,"One By One"
Jack,Smith,"My Hero","The Colour And The Shape"
Jack,Smith,"New York, New York","My Way: The Best Of Frank Sinatra [Disc 1]"
Jack,Smith,"My Kind Of Town","My Way: The Best Of Frank Sinatra [Disc 1]"
Jack,Smith,"Bad, Bad Leroy Brown","My Way: The Best Of Frank Sinatra [Disc 1]"
Jack,Smith,Zambação,"Roda De Funk"
Jack,Smith,"Divirta-Se (Saindo Da Sua)","Roda De Funk"
Jack,Smith,"Assum Preto","As Canções de Eu Tu Eles"
Jack,Smith,"Is This Love (Live)","Quanta Gente Veio Ver (Live)"
Jack,Smith,"Copacabana (Live)","Quanta Gente Veio Ver (Live)"
Jack,Smith,Formigueiro,"Serie Sem Limite (Disc 2)"
Jack,Smith,"O Pulso",Acústico
Jack,Smith,"A Melhor Forma",Acústico
Jack,Smith,"Homem Primata",Acústico
Jack,Smith,"Lugar Nenhum","Volume Dois"
Jack,Smith,"Caras Como Eu","Volume Dois"
Jack,Smith,"Toda Cor","Volume Dois"
Jack,Smith,"Exodus, Pt. 2","Battlestar Galactica, Season 3"
Jack,Smith,"The Passage","Battlestar Galactica, Season 3"
Jennifer,Peterson,"Perfect Crime","Use Your Illusion I"
Jennifer,Peterson,"Bad Obsession","Use Your Illusion I"
Jennifer,Peterson,"Stone Free","Are You Experienced?"
Jennifer,Peterson,"Satch Boogie","Surfing with the Alien (Remastered)"
Jennifer,Peterson,"Salve Simpatia","Jorge Ben Jor 25 Anos"
Jennifer,Peterson,"Filho Maravilha","Jorge Ben Jor 25 Anos"
Jennifer,Peterson,"Dance Enquanto é Tempo","Jota Quest-1995"
Jennifer,Peterson,"Voce Inteira",Cafezinho
Jennifer,Peterson,"Enquanto O Dia Não Vem",Cafezinho
Jennifer,Peterson,"Turbo Lover","Living After Midnight"
Jennifer,Peterson,"Plaster Caster","Unplugged [Live]"
Jennifer,Peterson,"Every Time I Look At You","Unplugged [Live]"
